algoritmo,k,costo addestramento (ms), wssse
KMEANS,2,2977,0.005372011634630882
KMEANS,3,1104,0.0031059276564802205
KMEANS,4,899,0.0013963935572563818
KMEANS,5,652,0.0013062923237650177
BISECTINGKMEANS,2,1906,0.005372011634630303
BISECTINGKMEANS,3,2978,0.003019083635729336
BISECTINGKMEANS,4,3207,0.0013655976273996284
BISECTINGKMEANS,5,4196,0.0010437263314659884
